"iso_ref","gene_ref","isoform_id","gene_id","condition_1","condition_2","gene_name","gene_biotype","iso_biotype","gene_overall_mean","gene_value_1","gene_value_2","gene_stderr_1","gene_stderr_2","gene_log2_fold_change","gene_q_value","iso_overall_mean","iso_value_1","iso_value_2","iso_stderr_1","iso_stderr_2","iso_log2_fold_change","iso_q_value","IF_overall","IF1","IF2","dIF","isoform_switch_q_value","gene_switch_q_value","PTC"
"isoComp_00010335","geneComp_00001959","ENST00000425764.5","BRD8","AD","CTRL","BRD8","protein_coding","protein_coding_CDS_not_defined",16.7228533393857,15.8469313179785,17.5987753607928,1.79739401378771,0.780078961476209,0.151180974125035,NA,1.27431831889744,0,2.54863663779487,0,0.746762029906738,7.99923146881564,NA,0.070175,0,0.14035,0.14035,1.44090287502117e-07,1.44090287502117e-07,NA
"isoComp_00099539","geneComp_00028649","ENST00000679705.1","MX1","AD","CTRL","MX1","protein_coding","protein_coding",7.69149065377048,8.41691055664806,6.96607075089291,0.621760698564252,0.975668446153973,-0.272589140564483,NA,0.458213267552579,0.916426535105158,0,0.150441062877869,0,-6.53360467109488,NA,0.0553,0.1106,0,-0.1106,0.000273774621954106,0.000273774621954106,FALSE
"isoComp_00119248","geneComp_00032584","ENST00000367005.8","RCOR3","AD","CTRL","RCOR3","protein_coding","protein_coding",11.422420211883,11.5795665937007,11.2652738300653,0.515120702216512,0.54849109273714,-0.0396641449326508,NA,3.97653172823198,5.42398361549287,2.52907984097109,0.319237053998931,0.368283013401872,-1.09770445454296,NA,0.345175,0.468025,0.222325,-0.2457,0.000671540255926368,0.000671540255926368,FALSE
"isoComp_00137104","geneComp_00036704","ENST00000494519.1","TCF7L1","AD","CTRL","TCF7L1","protein_coding","protein_coding_CDS_not_defined",2.05766590866844,1.3989115841228,2.71642023321408,0.309198769241845,0.905395746909773,0.952426868654847,NA,0.466033283373459,0,0.932066566746917,0,0.363515034636363,6.55775709965391,NA,0.16765,0,0.3353,0.3353,0.00216691299980215,0.00216691299980215,FALSE
"isoComp_00102742","geneComp_00029205","ENST00000675637.2","NGF","AD","CTRL","NGF","protein_coding","protein_coding",1.36439827776871,1.0856999755308,1.64309658000662,0.226697808732677,0.445627290331769,0.593318200917905,NA,0.283946163487191,0.527314041846628,0.0405782851277536,0.120064667587529,0.0405782851277536,-3.40917551314876,NA,0.2508625,0.4842,0.017525,-0.466675,0.00457899407146335,0.00457899407146335,FALSE
"isoComp_00118570","geneComp_00032453","ENST00000773033.1","RASSF8-AS1","AD","CTRL","RASSF8-AS1","lncRNA","lncRNA",6.35023754040164,6.27422144317722,6.42625363762605,0.872634709903176,0.896011139601757,0.0344871612361651,NA,0.496101289815062,0,0.992202579630124,0,0.357976736864798,6.64703034610007,NA,0.074175,0,0.14835,0.14835,0.00457899407146335,0.00457899407146335,FALSE
"isoComp_00152343","geneComp_00039935","ENST00000424032.6","ZNF880","AD","CTRL","ZNF880","protein_coding","protein_coding",5.58928993622234,6.17842332603966,5.00015654640502,1.57755028233609,1.16180430003559,-0.30471620703376,NA,0.918932432501711,1.63635097429021,0.201513890713214,0.573875558763466,0.1310603025793,-2.96044760940598,NA,0.1433375,0.25495,0.031725,-0.223225,0.0111374024319191,0.0111374024319191,FALSE
"isoComp_00062929","geneComp_00021426","ENST00000468665.1","EYA3","AD","CTRL","EYA3","protein_coding","protein_coding_CDS_not_defined",2.52589233592025,2.57282836801627,2.47895630382423,0.27381852039309,0.409432896815665,-0.053410875305287,NA,0.246840227865211,0.493680455730421,0,0.0785868725185675,0,-5.65443684619745,NA,0.10345,0.2069,0,-0.2069,0.0138596070708384,0.0138596070708384,FALSE
"isoComp_00077030","geneComp_00024441","ENST00000749876.1","IQCH-AS1","AD","CTRL","IQCH-AS1","lncRNA","lncRNA",3.10010444998869,2.88836514280264,3.31184375717473,0.54302689067521,0.820111508744379,0.19674485734465,NA,0.380522395520574,0,0.761044791041147,0,0.397652858838387,6.26874276558017,NA,0.0974875,0,0.194975,0.194975,0.018539194191794,0.018539194191794,NA
"isoComp_00089242","geneComp_00026784","ENST00000728146.1","LINC02895","AD","CTRL","LINC02895","lncRNA","lncRNA",1.37158407737463,1.42615151210949,1.31701664263977,0.259062319643884,0.125325816771099,-0.114021495403529,NA,0.656654815494694,1.08094260732023,0.23236702366916,0.187279508859935,0.0824238067057541,-2.17030988092529,NA,0.4787625,0.77565,0.181875,-0.593775,0.0236099202454798,0.0236099202454798,FALSE
"isoComp_00004627","geneComp_00000847","ENST00000531153.5","ANKRD36C","AD","CTRL","ANKRD36C","protein_coding","retained_intron",18.8768156575725,18.7138703569782,19.0397609581667,3.97337559875829,4.14890769335156,0.0248942134253311,NA,4.61415875034087,5.93873741206464,3.28958008861709,1.14222849340505,0.870511220962888,-0.850301060748023,NA,0.2465,0.322625,0.170375,-0.15225,0.0293474813863424,0.0293474813863424,TRUE
"isoComp_00093530","geneComp_00027594","ENST00000562514.1","MATCAP1","AD","CTRL","MATCAP1","protein_coding","protein_coding_CDS_not_defined",5.75921784479235,6.22038645433067,5.29804923525402,0.863771941421426,0.59956726458743,-0.231139899959347,NA,0.444322222166813,0.878977384983747,0.00966705934987797,0.408763070379075,0.00966705934987797,-5.49829355349455,NA,0.0646625,0.12745,0.001875,-0.125575,0.0293474813863424,0.0293474813863424,FALSE
"isoComp_00103799","geneComp_00029437","ENST00000448979.4","NPFF","AD","CTRL","NPFF","protein_coding","retained_intron",2.0233143921945,1.41186684264657,2.63476194174243,0.421131815343441,0.519522597347352,0.895351506061803,NA,1.6197122235148,1.41186684264657,1.82755760438303,0.421131815343441,0.437447914199149,0.370003113378384,NA,0.8465625,1,0.693125,-0.306875,0.0293474813863424,0.0293474813863424,TRUE
"isoComp_00103798","geneComp_00029437","ENST00000267017.4","NPFF","AD","CTRL","NPFF","protein_coding","protein_coding",2.0233143921945,1.41186684264657,2.63476194174243,0.421131815343441,0.519522597347352,0.895351506061803,NA,0.403602168679699,0,0.807204337359399,0,0.240461195513409,6.35262495616639,NA,0.1534375,0,0.306875,0.306875,0.0393114692318925,0.0293474813863424,FALSE
"isoComp_00079214","geneComp_00024865","ENST00000675157.1","KDM6A","AD","CTRL","KDM6A","protein_coding","retained_intron",4.02537819298973,4.54899905878452,3.50175732719494,0.787296270644046,0.575764805558548,-0.376523957526467,NA,0.310560832468614,0.621121664937229,0,0.129337634531043,0,-5.97984624348977,NA,0.0759375,0.151875,0,-0.151875,0.0421656325685189,0.0421656325685189,NA
"isoComp_00119250","geneComp_00032584","ENST00000419091.7","RCOR3","AD","CTRL","RCOR3","protein_coding","protein_coding",11.422420211883,11.5795665937007,11.2652738300653,0.515120702216512,0.54849109273714,-0.0396641449326508,NA,5.53393874575796,4.36364594212159,6.70423154939433,0.511035528221309,0.471238734694572,0.618385855949384,NA,0.485225,0.3744,0.59605,0.22165,0.0427316271883551,0.000671540255926368,FALSE
"isoComp_00139244","geneComp_00037190","ENST00000589137.5","TMEM147-AS1","AD","CTRL","TMEM147-AS1","lncRNA","lncRNA",1.44886690113601,1.4370347287576,1.46069907351442,0.28780871136713,0.22362141058525,0.0234025334469462,NA,0.215306604275427,0.430613208550854,0,0.152381708902151,0,-5.46144083918895,NA,0.1502375,0.300475,0,-0.300475,0.0439329755236241,0.0439329755236241,FALSE
"isoComp_00002302","geneComp_00000430","ENST00000733802.1","ADPGK-AS1","AD","CTRL","ADPGK-AS1","lncRNA","lncRNA",2.48223085047038,1.65945852678404,3.30500317415673,0.674459294428142,0.901824655973618,0.989629997776591,NA,1.32334075542504,1.45334292177028,1.1933385890798,0.560643265811329,0.452329635510506,-0.282225254640138,NA,0.5123125,0.6789,0.345725,-0.333175,0.0489578450982412,0.0489578450982412,FALSE
"isoComp_00034590","geneComp_00007981","ENST00000791491.1","ENSG00000255320","AD","CTRL","ENSG00000255320","lncRNA","lncRNA",1.5669276601131,1.77717985474874,1.35667546547745,0.771056119421566,0.602831984431767,-0.38701413156507,NA,0.486695120146319,0.87330846721837,0.100081773074268,0.370567127189812,0.0595369341992245,-3.00434172828465,NA,0.3251875,0.51135,0.139025,-0.372325,0.0495046537430729,0.0495046537430729,FALSE
"isoComp_00152341","geneComp_00039935","ENST00000344085.9","ZNF880","AD","CTRL","ZNF880","protein_coding","protein_coding",5.58928993622234,6.17842332603966,5.00015654640502,1.57755028233609,1.16180430003559,-0.30471620703376,NA,2.8197530525332,2.30879933829368,3.33070676677273,0.550766741810634,0.855509886902409,0.526775375481882,NA,0.5200125,0.3767,0.663325,0.286625,0.19159834133626,0.0111374024319191,FALSE
"isoComp_00102741","geneComp_00029205","ENST00000369512.3","NGF","AD","CTRL","NGF","protein_coding","protein_coding",1.36439827776871,1.0856999755308,1.64309658000662,0.226697808732677,0.445627290331769,0.593318200917905,NA,0.970500532058018,0.524372388612742,1.41662867550329,0.131520413917963,0.393514870961768,1.41669250759594,NA,0.6758875,0.493425,0.85835,0.364925,0.263629251043207,0.00457899407146335,FALSE
"isoComp_00137101","geneComp_00036704","ENST00000282111.4","TCF7L1","AD","CTRL","TCF7L1","protein_coding","protein_coding",2.05766590866844,1.3989115841228,2.71642023321408,0.309198769241845,0.905395746909773,0.952426868654847,NA,1.25412114230657,1.18666144734678,1.32158083726636,0.28646887186107,0.401279073101524,0.15412496303708,NA,0.67055,0.84575,0.49535,-0.3504,0.268833328126274,0.00216691299980215,FALSE
"isoComp_00089243","geneComp_00026784","ENST00000728147.1","LINC02895","AD","CTRL","LINC02895","lncRNA","lncRNA",1.37158407737463,1.42615151210949,1.31701664263977,0.259062319643884,0.125325816771099,-0.114021495403529,NA,0.184550881406152,0.0358806666142868,0.333221096198017,0.0358806666142868,0.0629678608588493,2.90317997331222,NA,0.1399,0.018925,0.260875,0.24195,0.425809356546206,0.0236099202454798,NA
"isoComp_00062926","geneComp_00021426","ENST00000373864.5","EYA3","AD","CTRL","EYA3","protein_coding","protein_coding",2.52589233592025,2.57282836801627,2.47895630382423,0.27381852039309,0.409432896815665,-0.053410875305287,NA,0.489075012256396,0.267076667009514,0.711073357503278,0.118692832751551,0.0569110567958937,1.37986081303422,NA,0.2003125,0.098375,0.30225,0.203875,0.74065602877512,0.0138596070708384,FALSE
"isoComp_00089237","geneComp_00026784","ENST00000561320.5","LINC02895","AD","CTRL","LINC02895","lncRNA","lncRNA",1.37158407737463,1.42615151210949,1.31701664263977,0.259062319643884,0.125325816771099,-0.114021495403529,NA,0.119338565131718,0.0263167705378876,0.212360359725548,0.0263167705378876,0.0350275294745247,2.614191799079,NA,0.0907875,0.01825,0.163325,0.145075,0.76860877697045,0.0236099202454798,FALSE
"isoComp_00093531","geneComp_00027594","ENST00000563902.2","MATCAP1","AD","CTRL","MATCAP1","protein_coding","protein_coding",5.75921784479235,6.22038645433067,5.29804923525402,0.863771941421426,0.59956726458743,-0.231139899959347,NA,4.82204022515762,4.74920997896654,4.8948704713487,0.569057541414941,0.589258611585057,0.0434929296094884,NA,0.8503625,0.779425,0.9213,0.141875,0.805636056301877,0.0293474813863424,FALSE
"isoComp_00034588","geneComp_00007981","ENST00000791487.1","ENSG00000255320","AD","CTRL","ENSG00000255320","lncRNA","lncRNA",1.5669276601131,1.77717985474874,1.35667546547745,0.771056119421566,0.602831984431767,-0.38701413156507,NA,0.761452989969717,0.608431397058857,0.914474582880577,0.240971539753246,0.323907375097563,0.580020090208784,NA,0.542175,0.367075,0.717275,0.3502,0.833951270965273,0.0495046537430729,FALSE
"isoComp_00099526","geneComp_00028649","ENST00000398600.6","MX1","AD","CTRL","MX1","protein_coding","protein_coding",7.69149065377048,8.41691055664806,6.96607075089291,0.621760698564252,0.975668446153973,-0.272589140564483,NA,0.365896529703897,0.629956361867005,0.101836697540788,0.11521085196617,0.0794628134919274,-2.51657986751672,NA,0.0474125,0.075425,0.0194,-0.056025,0.8880789456179,0.000273774621954106,FALSE
"isoComp_00002300","geneComp_00000430","ENST00000566745.1","ADPGK-AS1","AD","CTRL","ADPGK-AS1","lncRNA","lncRNA",2.48223085047038,1.65945852678404,3.30500317415673,0.674459294428142,0.901824655973618,0.989629997776591,NA,0.28336139520627,0,0.566722790412539,0,0.280693966799956,5.84980612953398,NA,0.08365,0,0.1673,0.1673,1,0.0489578450982412,FALSE
"isoComp_00002301","geneComp_00000430","ENST00000670622.2","ADPGK-AS1","AD","CTRL","ADPGK-AS1","lncRNA","lncRNA",2.48223085047038,1.65945852678404,3.30500317415673,0.674459294428142,0.901824655973618,0.989629997776591,NA,0.17276203025462,0.0836282706951856,0.261895789814054,0.0169728635923883,0.151343313563299,1.53803769513797,NA,0.1750125,0.284375,0.06565,-0.218725,1,0.0489578450982412,FALSE
"isoComp_00002303","geneComp_00000430","ENST00000733803.1","ADPGK-AS1","AD","CTRL","ADPGK-AS1","lncRNA","lncRNA",2.48223085047038,1.65945852678404,3.30500317415673,0.674459294428142,0.901824655973618,0.989629997776591,NA,0.0889894189990506,0,0.177978837998101,0,0.177978837998101,4.23249835235608,NA,0.0341875,0,0.068375,0.068375,1,0.0489578450982412,FALSE
"isoComp_00002304","geneComp_00000430","ENST00000733804.1","ADPGK-AS1","AD","CTRL","ADPGK-AS1","lncRNA","lncRNA",2.48223085047038,1.65945852678404,3.30500317415673,0.674459294428142,0.901824655973618,0.989629997776591,NA,0.168675032707267,0,0.337350065414533,0,0.233739883206029,5.11831846391325,NA,0.078975,0,0.15795,0.15795,1,0.0489578450982412,FALSE
"isoComp_00002305","geneComp_00000430","ENST00000733805.1","ADPGK-AS1","AD","CTRL","ADPGK-AS1","lncRNA","lncRNA",2.48223085047038,1.65945852678404,3.30500317415673,0.674459294428142,0.901824655973618,0.989629997776591,NA,0.0663554049663441,0,0.132710809932688,0,0.0463784736894111,3.83502271383287,NA,0.024725,0,0.04945,0.04945,1,0.0489578450982412,FALSE
"isoComp_00002306","geneComp_00000430","ENST00000733806.1","ADPGK-AS1","AD","CTRL","ADPGK-AS1","lncRNA","lncRNA",2.48223085047038,1.65945852678404,3.30500317415673,0.674459294428142,0.901824655973618,0.989629997776591,NA,0.348547380320311,0.0911679892948961,0.605926771345725,0.0911679892948961,0.384382151595041,2.60600595939977,NA,0.082025,0.027325,0.136725,0.1094,1,0.0489578450982412,FALSE
"isoComp_00004624","geneComp_00000847","ENST00000295246.7","ANKRD36C","AD","CTRL","ANKRD36C","protein_coding","protein_coding",18.8768156575725,18.7138703569782,19.0397609581667,3.97337559875829,4.14890769335156,0.0248942134253311,NA,3.7807735925402,3.4540788864713,4.10746829860911,0.465338191713432,0.886740568164808,0.249285757816425,NA,0.2035875,0.19255,0.214625,0.022075,1,0.0293474813863424,FALSE
"isoComp_00004625","geneComp_00000847","ENST00000456556.5","ANKRD36C","AD","CTRL","ANKRD36C","protein_coding","protein_coding",18.8768156575725,18.7138703569782,19.0397609581667,3.97337559875829,4.14890769335156,0.0248942134253311,NA,8.99501243202719,8.00130801286003,9.98871685119435,2.28490946723694,2.37221101325131,0.319705151894397,NA,0.464175,0.411475,0.516875,0.1054,1,0.0293474813863424,FALSE
"isoComp_00004626","geneComp_00000847","ENST00000488721.5","ANKRD36C","AD","CTRL","ANKRD36C","protein_coding","retained_intron",18.8768156575725,18.7138703569782,19.0397609581667,3.97337559875829,4.14890769335156,0.0248942134253311,NA,0.892267367293336,0.811838267516698,0.972696467069975,0.120402355362318,0.137092582115726,0.257891360447105,NA,0.0534125,0.04865,0.058175,0.00952500000000001,1,0.0293474813863424,FALSE
"isoComp_00004628","geneComp_00000847","ENST00000534304.5","ANKRD36C","AD","CTRL","ANKRD36C","protein_coding","nonsense_mediated_decay",18.8768156575725,18.7138703569782,19.0397609581667,3.97337559875829,4.14890769335156,0.0248942134253311,NA,0.419523689478241,0.315971980995837,0.523075397960645,0.0194051858775885,0.126100827762142,0.709591639029755,NA,0.022775,0.018475,0.027075,0.0086,1,0.0293474813863424,NA
"isoComp_00010330","geneComp_00001959","ENST00000230901.9","BRD8","AD","CTRL","BRD8","protein_coding","protein_coding",16.7228533393857,15.8469313179785,17.5987753607928,1.79739401378771,0.780078961476209,0.151180974125035,NA,2.41887513788379,2.31942190019762,2.51832837556996,0.343411623640846,0.56240435873868,0.118211889562271,NA,0.143625,0.1459,0.14135,-0.00455,1,1.44090287502117e-07,FALSE
"isoComp_00010332","geneComp_00001959","ENST00000402931.5","BRD8","AD","CTRL","BRD8","protein_coding","protein_coding",16.7228533393857,15.8469313179785,17.5987753607928,1.79739401378771,0.780078961476209,0.151180974125035,NA,12.0417414860075,12.3683895414054,11.7150934306096,1.34163068341457,0.635292125145408,-0.0782242098226004,NA,0.726975,0.78195,0.672,-0.10995,1,1.44090287502117e-07,FALSE
"isoComp_00010337","geneComp_00001959","ENST00000432618.5","BRD8","AD","CTRL","BRD8","protein_coding","nonsense_mediated_decay",16.7228533393857,15.8469313179785,17.5987753607928,1.79739401378771,0.780078961476209,0.151180974125035,NA,0.306000554862331,0.264449992174381,0.34755111755028,0.152687781483122,0.157428282059185,0.381606214384939,NA,0.0195375,0.019675,0.0194,-0.000274999999999997,1,1.44090287502117e-07,TRUE
"isoComp_00034589","geneComp_00007981","ENST00000791490.1","ENSG00000255320","AD","CTRL","ENSG00000255320","lncRNA","lncRNA",1.5669276601131,1.77717985474874,1.35667546547745,0.771056119421566,0.602831984431767,-0.38701413156507,NA,0.0330522064466798,0.0661044128933595,0,0.0661044128933595,0,-2.92798011042768,NA,0.02505,0.0501,0,-0.0501,1,0.0495046537430729,FALSE
"isoComp_00034591","geneComp_00007981","ENST00000791493.1","ENSG00000255320","AD","CTRL","ENSG00000255320","lncRNA","lncRNA",1.5669276601131,1.77717985474874,1.35667546547745,0.771056119421566,0.602831984431767,-0.38701413156507,NA,0.0276471528548924,0.0294797758526981,0.0258145298570867,0.0294797758526981,0.0258145298570867,-0.140568795192618,NA,0.0152875,0.02235,0.008225,-0.014125,1,0.0495046537430729,FALSE
"isoComp_00034592","geneComp_00007981","ENST00000791494.1","ENSG00000255320","AD","CTRL","ENSG00000255320","lncRNA","lncRNA",1.5669276601131,1.77717985474874,1.35667546547745,0.771056119421566,0.602831984431767,-0.38701413156507,NA,0.198464854060829,0.199855801725461,0.197073906396197,0.199855801725461,0.142001218737924,-0.0192525794087682,NA,0.0733125,0.04915,0.097475,0.048325,1,0.0495046537430729,FALSE
"isoComp_00034593","geneComp_00007981","ENST00000791495.1","ENSG00000255320","AD","CTRL","ENSG00000255320","lncRNA","lncRNA",1.5669276601131,1.77717985474874,1.35667546547745,0.771056119421566,0.602831984431767,-0.38701413156507,NA,0.0596153366346587,0,0.119230673269317,0,0.119230673269317,3.6918766333513,NA,0.019,0,0.038,0.038,1,0.0495046537430729,FALSE
"isoComp_00062927","geneComp_00021426","ENST00000373871.8","EYA3","AD","CTRL","EYA3","protein_coding","protein_coding",2.52589233592025,2.57282836801627,2.47895630382423,0.27381852039309,0.409432896815665,-0.053410875305287,NA,0.923197260773918,0.911525861122107,0.934868660425729,0.128246329973751,0.170076787977447,0.0360891510274794,NA,0.3846125,0.367775,0.40145,0.033675,1,0.0138596070708384,FALSE
"isoComp_00062928","geneComp_00021426","ENST00000436342.7","EYA3","AD","CTRL","EYA3","protein_coding","nonsense_mediated_decay",2.52589233592025,2.57282836801627,2.47895630382423,0.27381852039309,0.409432896815665,-0.053410875305287,NA,0.418472607490464,0.454577320890824,0.382367894090105,0.275979355487433,0.23758733667141,-0.243711731956034,NA,0.1496125,0.1642,0.135025,-0.029175,1,0.0138596070708384,TRUE
"isoComp_00062930","geneComp_00021426","ENST00000495923.5","EYA3","AD","CTRL","EYA3","protein_coding","protein_coding_CDS_not_defined",2.52589233592025,2.57282836801627,2.47895630382423,0.27381852039309,0.409432896815665,-0.053410875305287,NA,0.250472815383824,0.212289680236881,0.288655950530767,0.147213621415847,0.187948485602612,0.426043493820122,NA,0.0812375,0.069475,0.093,0.023525,1,0.0138596070708384,NA
"isoComp_00062931","geneComp_00021426","ENST00000540618.5","EYA3","AD","CTRL","EYA3","protein_coding","protein_coding",2.52589233592025,2.57282836801627,2.47895630382423,0.27381852039309,0.409432896815665,-0.053410875305287,NA,0.197834412150437,0.233678383026523,0.161990441274351,0.165366721829197,0.113840683800233,-0.502649887311938,NA,0.080775,0.0933,0.06825,-0.02505,1,0.0138596070708384,FALSE
"isoComp_00077023","geneComp_00024441","ENST00000559298.5","IQCH-AS1","AD","CTRL","IQCH-AS1","lncRNA","lncRNA",3.10010444998869,2.88836514280264,3.31184375717473,0.54302689067521,0.820111508744379,0.19674485734465,NA,0.0240127904651249,0.0202229843338549,0.0278025965963948,0.0117156266801968,0.0108660865389688,0.322839209330653,NA,0.0104,0.009275,0.011525,0.00225,1,0.018539194191794,TRUE
"isoComp_00077024","geneComp_00024441","ENST00000561232.5","IQCH-AS1","AD","CTRL","IQCH-AS1","lncRNA","lncRNA",3.10010444998869,2.88836514280264,3.31184375717473,0.54302689067521,0.820111508744379,0.19674485734465,NA,0.0840346419493282,0.0701992694005831,0.0978700144980733,0.0411788519600661,0.0355193980443686,0.427632883738369,NA,0.035875,0.03125,0.0405,0.00924999999999999,1,0.018539194191794,FALSE
"isoComp_00077025","geneComp_00024441","ENST00000657717.1","IQCH-AS1","AD","CTRL","IQCH-AS1","lncRNA","lncRNA",3.10010444998869,2.88836514280264,3.31184375717473,0.54302689067521,0.820111508744379,0.19674485734465,NA,0.0235839892566727,0.0364833258527346,0.0106846526606109,0.0364833258527346,0.0106846526606109,-1.1681525645055,NA,0.01325,0.024625,0.001875,-0.02275,1,0.018539194191794,FALSE
"isoComp_00077026","geneComp_00024441","ENST00000658166.2","IQCH-AS1","AD","CTRL","IQCH-AS1","lncRNA","lncRNA",3.10010444998869,2.88836514280264,3.31184375717473,0.54302689067521,0.820111508744379,0.19674485734465,NA,0.07470085482879,0,0.14940170965758,0,0.0877104360003493,3.994595197875,NA,0.0280625,0,0.056125,0.056125,1,0.018539194191794,NA
"isoComp_00077027","geneComp_00024441","ENST00000665615.1","IQCH-AS1","AD","CTRL","IQCH-AS1","lncRNA","lncRNA",3.10010444998869,2.88836514280264,3.31184375717473,0.54302689067521,0.820111508744379,0.19674485734465,NA,0.0803286574636213,0.0442217472232225,0.11643556770402,0.0115960624665767,0.0391432575298324,1.22145885850447,NA,0.0296125,0.0166,0.042625,0.026025,1,0.018539194191794,FALSE
"isoComp_00077028","geneComp_00024441","ENST00000670822.1","IQCH-AS1","AD","CTRL","IQCH-AS1","lncRNA","lncRNA",3.10010444998869,2.88836514280264,3.31184375717473,0.54302689067521,0.820111508744379,0.19674485734465,NA,0.0592577391012767,0.0903341523177015,0.0281813258848519,0.0529867435688169,0.0281813258848519,-1.3938736546514,NA,0.0175875,0.030225,0.00495,-0.025275,1,0.018539194191794,FALSE
"isoComp_00077029","geneComp_00024441","ENST00000749875.1","IQCH-AS1","AD","CTRL","IQCH-AS1","lncRNA","lncRNA",3.10010444998869,2.88836514280264,3.31184375717473,0.54302689067521,0.820111508744379,0.19674485734465,NA,0.0801525175749958,0.0718447639231346,0.088460271226857,0.0718447639231346,0.088460271226857,0.266651591533642,NA,0.024325,0.0192,0.02945,0.01025,1,0.018539194191794,FALSE
"isoComp_00077031","geneComp_00024441","ENST00000749877.1","IQCH-AS1","AD","CTRL","IQCH-AS1","lncRNA","lncRNA",3.10010444998869,2.88836514280264,3.31184375717473,0.54302689067521,0.820111508744379,0.19674485734465,NA,1.01159323799002,0.94085033199853,1.0823361439815,0.493862652449949,0.451005686285612,0.200126706748752,NA,0.283225,0.2606,0.30585,0.04525,1,0.018539194191794,NA
"isoComp_00077032","geneComp_00024441","ENST00000749878.1","IQCH-AS1","AD","CTRL","IQCH-AS1","lncRNA","lncRNA",3.10010444998869,2.88836514280264,3.31184375717473,0.54302689067521,0.820111508744379,0.19674485734465,NA,0.710303937724073,0.896946502303783,0.523661373144363,0.236961907424642,0.305878294874517,-0.765092861945367,NA,0.253,0.333725,0.172275,-0.16145,1,0.018539194191794,NA
"isoComp_00077033","geneComp_00024441","ENST00000749879.1","IQCH-AS1","AD","CTRL","IQCH-AS1","lncRNA","lncRNA",3.10010444998869,2.88836514280264,3.31184375717473,0.54302689067521,0.820111508744379,0.19674485734465,NA,0.0417001235995325,0.0834002471990649,0,0.0834002471990649,0,-3.22342636826891,NA,0.01615,0.0323,0,-0.0323,1,0.018539194191794,NA
"isoComp_00077034","geneComp_00024441","ENST00000749880.1","IQCH-AS1","AD","CTRL","IQCH-AS1","lncRNA","lncRNA",3.10010444998869,2.88836514280264,3.31184375717473,0.54302689067521,0.820111508744379,0.19674485734465,NA,0.202654602317566,0.119678366553561,0.285630838081571,0.119678366553561,0.185978802262385,1.18885894519975,NA,0.0546625,0.031925,0.0774,0.045475,1,0.018539194191794,NA
"isoComp_00077035","geneComp_00024441","ENST00000749882.1","IQCH-AS1","AD","CTRL","IQCH-AS1","lncRNA","lncRNA",3.10010444998869,2.88836514280264,3.31184375717473,0.54302689067521,0.820111508744379,0.19674485734465,NA,0.0368315069147502,0,0.0736630138295004,0,0.0736630138295004,3.06458996975529,NA,0.017625,0,0.03525,0.03525,1,0.018539194191794,NA
"isoComp_00077036","geneComp_00024441","ENST00000749884.1","IQCH-AS1","AD","CTRL","IQCH-AS1","lncRNA","lncRNA",3.10010444998869,2.88836514280264,3.31184375717473,0.54302689067521,0.820111508744379,0.19674485734465,NA,0.0333357294341306,0,0.0666714588682612,0,0.0666714588682612,2.93868963102378,NA,0.0136125,0,0.027225,0.027225,1,0.018539194191794,FALSE
"isoComp_00077037","geneComp_00024441","ENST00000749887.1","IQCH-AS1","AD","CTRL","IQCH-AS1","lncRNA","lncRNA",3.10010444998869,2.88836514280264,3.31184375717473,0.54302689067521,0.820111508744379,0.19674485734465,NA,0.215008087332247,0.430016174664493,0,0.303001084105789,0,-5.45948465199947,NA,0.076725,0.15345,0,-0.15345,1,0.018539194191794,FALSE
"isoComp_00077038","geneComp_00024441","ENST00000749888.1","IQCH-AS1","AD","CTRL","IQCH-AS1","lncRNA","lncRNA",3.10010444998869,2.88836514280264,3.31184375717473,0.54302689067521,0.820111508744379,0.19674485734465,NA,0.0420836385159905,0.084167277031981,0,0.084167277031981,0,-3.23522581286031,NA,0.0284125,0.056825,0,-0.056825,1,0.018539194191794,NA
"isoComp_00079201","geneComp_00024865","ENST00000377967.9","KDM6A","AD","CTRL","KDM6A","protein_coding","protein_coding",4.02537819298973,4.54899905878452,3.50175732719494,0.787296270644046,0.575764805558548,-0.376523957526467,NA,0.0790233013413393,0.118771151909351,0.0392754507733279,0.0467804920802442,0.0037787219468766,-1.38586845413938,NA,0.018425,0.0249,0.01195,-0.01295,1,0.0421656325685189,FALSE
"isoComp_00079202","geneComp_00024865","ENST00000382899.9","KDM6A","AD","CTRL","KDM6A","protein_coding","protein_coding",4.02537819298973,4.54899905878452,3.50175732719494,0.787296270644046,0.575764805558548,-0.376523957526467,NA,0.286363457434918,0.353961322234174,0.218765592635663,0.148303341083714,0.0589231345119208,-0.669915064297658,NA,0.074575,0.0878,0.06135,-0.02645,1,0.0421656325685189,FALSE
"isoComp_00079203","geneComp_00024865","ENST00000431196.3","KDM6A","AD","CTRL","KDM6A","protein_coding","protein_coding",4.02537819298973,4.54899905878452,3.50175732719494,0.787296270644046,0.575764805558548,-0.376523957526467,NA,1.58651939593186,1.88315708887218,1.28988170299154,0.823331450610952,0.121453206797537,-0.54241379145041,NA,0.378425,0.3647,0.39215,0.02745,1,0.0421656325685189,NA
"isoComp_00079204","geneComp_00024865","ENST00000479423.2","KDM6A","AD","CTRL","KDM6A","protein_coding","retained_intron",4.02537819298973,4.54899905878452,3.50175732719494,0.787296270644046,0.575764805558548,-0.376523957526467,NA,0.35791338835615,0.343544185258397,0.372282591453903,0.111316910753914,0.119800813260987,0.112748972114913,NA,0.0899375,0.080175,0.0997,0.019525,1,0.0421656325685189,TRUE
"isoComp_00079205","geneComp_00024865","ENST00000485072.5","KDM6A","AD","CTRL","KDM6A","protein_coding","retained_intron",4.02537819298973,4.54899905878452,3.50175732719494,0.787296270644046,0.575764805558548,-0.376523957526467,NA,0.0642829539557071,0,0.128565907911414,0,0.128565907911414,3.7925004422817,NA,0.0123125,0,0.024625,0.024625,1,0.0421656325685189,NA
"isoComp_00079206","geneComp_00024865","ENST00000536777.6","KDM6A","AD","CTRL","KDM6A","protein_coding","protein_coding",4.02537819298973,4.54899905878452,3.50175732719494,0.787296270644046,0.575764805558548,-0.376523957526467,NA,0.0538475668418443,0.0225219701611931,0.0851731635224954,0.0173442340671945,0.0851731635224954,1.5491401689186,NA,0.0167625,0.00595,0.027575,0.021625,1,0.0421656325685189,FALSE
"isoComp_00079208","geneComp_00024865","ENST00000611820.5","KDM6A","AD","CTRL","KDM6A","protein_coding","protein_coding",4.02537819298973,4.54899905878452,3.50175732719494,0.787296270644046,0.575764805558548,-0.376523957526467,NA,0.0729513926290062,0.0538485399529354,0.092054245305077,0.0199612643538112,0.069759937967203,0.676610662788632,NA,0.0164,0.0127,0.0201,0.0074,1,0.0421656325685189,FALSE
"isoComp_00079209","geneComp_00024865","ENST00000621147.5","KDM6A","AD","CTRL","KDM6A","protein_coding","nonsense_mediated_decay",4.02537819298973,4.54899905878452,3.50175732719494,0.787296270644046,0.575764805558548,-0.376523957526467,NA,0.0669431711050049,0.0758689334643186,0.0580174087456912,0.036075827603746,0.0369111248810344,-0.336232228037641,NA,0.0159125,0.0175,0.014325,-0.003175,1,0.0421656325685189,TRUE
"isoComp_00079215","geneComp_00024865","ENST00000675182.1","KDM6A","AD","CTRL","KDM6A","protein_coding","retained_intron",4.02537819298973,4.54899905878452,3.50175732719494,0.787296270644046,0.575764805558548,-0.376523957526467,NA,0.0931440789681777,0.18294587481347,0.00334228312288497,0.0651810725746122,0.00334228312288497,-3.85411873355598,NA,0.0209875,0.041325,0.00065,-0.040675,1,0.0421656325685189,NA
"isoComp_00079220","geneComp_00024865","ENST00000675816.1","KDM6A","AD","CTRL","KDM6A","protein_coding","retained_intron",4.02537819298973,4.54899905878452,3.50175732719494,0.787296270644046,0.575764805558548,-0.376523957526467,NA,0.106565645841228,0.0963168255121962,0.11681446617026,0.00548825206936561,0.0417226008671047,0.254349394845049,NA,0.0277,0.022575,0.032825,0.01025,1,0.0421656325685189,TRUE
"isoComp_00079221","geneComp_00024865","ENST00000676026.1","KDM6A","AD","CTRL","KDM6A","protein_coding","retained_intron",4.02537819298973,4.54899905878452,3.50175732719494,0.787296270644046,0.575764805558548,-0.376523957526467,NA,0.0676359174873103,0.083981290702394,0.0512905442722267,0.0522509552178327,0.0300623777399723,-0.616709065017965,NA,0.016525,0.015075,0.017975,0.0029,1,0.0421656325685189,TRUE
"isoComp_00079225","geneComp_00024865","ENST00000682908.1","KDM6A","AD","CTRL","KDM6A","protein_coding","nonsense_mediated_decay",4.02537819298973,4.54899905878452,3.50175732719494,0.787296270644046,0.575764805558548,-0.376523957526467,NA,0.55362189246575,0.354838133029966,0.752405651901535,0.152759503965771,0.278141596970678,1.06330228588673,NA,0.1530875,0.101275,0.2049,0.103625,1,0.0421656325685189,TRUE
"isoComp_00079227","geneComp_00024865","ENST00000683425.1","KDM6A","AD","CTRL","KDM6A","protein_coding","nonsense_mediated_decay",4.02537819298973,4.54899905878452,3.50175732719494,0.787296270644046,0.575764805558548,-0.376523957526467,NA,0.104677451800217,0.115456099827703,0.0938988037727317,0.115456099827703,0.0938988037727317,-0.272003574005151,NA,0.027125,0.02385,0.0304,0.00655,1,0.0421656325685189,TRUE
"isoComp_00089236","geneComp_00026784","ENST00000561161.2","LINC02895","AD","CTRL","LINC02895","lncRNA","lncRNA",1.37158407737463,1.42615151210949,1.31701664263977,0.259062319643884,0.125325816771099,-0.114021495403529,NA,0.0204674599834683,0.014466841427537,0.0264680785393995,0.014466841427537,0.0194457882441292,0.575806320540334,NA,0.01485,0.010025,0.019675,0.00965,1,0.0236099202454798,FALSE
"isoComp_00089238","geneComp_00026784","ENST00000656912.2","LINC02895","AD","CTRL","LINC02895","lncRNA","lncRNA",1.37158407737463,1.42615151210949,1.31701664263977,0.259062319643884,0.125325816771099,-0.114021495403529,NA,0.135709420549947,0.115877352880072,0.155541488219822,0.0426723010482278,0.0374990853548275,0.395174087310398,NA,0.1027625,0.083125,0.1224,0.039275,1,0.0236099202454798,FALSE
"isoComp_00089239","geneComp_00026784","ENST00000671149.1","LINC02895","AD","CTRL","LINC02895","lncRNA","lncRNA",1.37158407737463,1.42615151210949,1.31701664263977,0.259062319643884,0.125325816771099,-0.114021495403529,NA,0.0536981484023559,0.107396296804712,0,0.0629947537470188,0,-3.55331499510925,NA,0.0350625,0.070125,0,-0.070125,1,0.0236099202454798,FALSE
"isoComp_00089240","geneComp_00026784","ENST00000728143.1","LINC02895","AD","CTRL","LINC02895","lncRNA","lncRNA",1.37158407737463,1.42615151210949,1.31701664263977,0.259062319643884,0.125325816771099,-0.114021495403529,NA,0.0313932697709422,0,0.0627865395418844,0,0.0627865395418844,2.86367167663722,NA,0.02285,0,0.0457,0.0457,1,0.0236099202454798,TRUE
"isoComp_00089241","geneComp_00026784","ENST00000728145.1","LINC02895","AD","CTRL","LINC02895","lncRNA","lncRNA",1.37158407737463,1.42615151210949,1.31701664263977,0.259062319643884,0.125325816771099,-0.114021495403529,NA,0.169771516635351,0.0452709765247632,0.294272056745938,0.0452709765247632,0.101631773992894,2.46076784064782,NA,0.1149875,0.023875,0.2061,0.182225,1,0.0236099202454798,FALSE
"isoComp_00093529","geneComp_00027594","ENST00000561679.5","MATCAP1","AD","CTRL","MATCAP1","protein_coding","retained_intron",5.75921784479235,6.22038645433067,5.29804923525402,0.863771941421426,0.59956726458743,-0.231139899959347,NA,0.175658558166556,0.139366974794753,0.21195014153836,0.0678532475989542,0.0546141193937922,0.571374426776998,NA,0.03385,0.02445,0.04325,0.0188,1,0.0293474813863424,FALSE
"isoComp_00093532","geneComp_00027594","ENST00000568563.5","MATCAP1","AD","CTRL","MATCAP1","protein_coding","protein_coding",5.75921784479235,6.22038645433067,5.29804923525402,0.863771941421426,0.59956726458743,-0.231139899959347,NA,0.275491340862728,0.415560010293567,0.13542267143189,0.214290414493417,0.0608358112899783,-1.54911038440441,NA,0.0441375,0.0635,0.024775,-0.038725,1,0.0293474813863424,NA
"isoComp_00099525","geneComp_00028649","ENST00000398598.8","MX1","AD","CTRL","MX1","protein_coding","protein_coding",7.69149065377048,8.41691055664806,6.96607075089291,0.621760698564252,0.975668446153973,-0.272589140564483,NA,2.57907204497404,2.93778605476267,2.22035803518541,0.634972348715047,0.759431770468483,-0.402356498049235,NA,0.326225,0.348475,0.303975,-0.0445,1,0.000273774621954106,FALSE
"isoComp_00099535","geneComp_00028649","ENST00000679464.1","MX1","AD","CTRL","MX1","protein_coding","protein_coding",7.69149065377048,8.41691055664806,6.96607075089291,0.621760698564252,0.975668446153973,-0.272589140564483,NA,0.0909831013358088,0.0507542039255545,0.131211998746063,0.0211716193146554,0.123337797208182,1.21680653375162,NA,0.0137625,0.00625,0.021275,0.015025,1,0.000273774621954106,FALSE
"isoComp_00099536","geneComp_00028649","ENST00000679528.1","MX1","AD","CTRL","MX1","protein_coding","retained_intron",7.69149065377048,8.41691055664806,6.96607075089291,0.621760698564252,0.975668446153973,-0.272589140564483,NA,0.360299877945888,0.389722941871306,0.33087681402047,0.0605637806176996,0.145868737334196,-0.229749905146456,NA,0.0454,0.046975,0.043825,-0.00314999999999999,1,0.000273774621954106,NA
"isoComp_00099544","geneComp_00028649","ENST00000680536.1","MX1","AD","CTRL","MX1","protein_coding","protein_coding",7.69149065377048,8.41691055664806,6.96607075089291,0.621760698564252,0.975668446153973,-0.272589140564483,NA,0.308860077905771,0.378291278692388,0.239428877119155,0.26879991584818,0.150891034802973,-0.638510803708339,NA,0.03815,0.040075,0.036225,-0.00385,1,0.000273774621954106,FALSE
"isoComp_00099547","geneComp_00028649","ENST00000680760.1","MX1","AD","CTRL","MX1","protein_coding","protein_coding",7.69149065377048,8.41691055664806,6.96607075089291,0.621760698564252,0.975668446153973,-0.272589140564483,NA,0.437828472694295,0.0526534471186539,0.823003498269936,0.0526224806458778,0.822994967512454,3.73285676210517,NA,0.0589375,0.006875,0.111,0.104125,1,0.000273774621954106,FALSE
"isoComp_00099548","geneComp_00028649","ENST00000680776.1","MX1","AD","CTRL","MX1","protein_coding","protein_coding",7.69149065377048,8.41691055664806,6.96607075089291,0.621760698564252,0.975668446153973,-0.272589140564483,NA,0.544021368497964,0.317550600725347,0.770492136270582,0.111723396635388,0.487990617165734,1.25266630210534,NA,0.077275,0.035375,0.119175,0.0838,1,0.000273774621954106,FALSE
"isoComp_00099552","geneComp_00028649","ENST00000681266.1","MX1","AD","CTRL","MX1","protein_coding","protein_coding",7.69149065377048,8.41691055664806,6.96607075089291,0.621760698564252,0.975668446153973,-0.272589140564483,NA,0.122479674511416,0.140054758415248,0.104904590607584,0.0553184510749246,0.0187419900212183,-0.385052632314412,NA,0.0160125,0.015475,0.01655,0.001075,1,0.000273774621954106,FALSE
"isoComp_00099554","geneComp_00028649","ENST00000681415.1","MX1","AD","CTRL","MX1","protein_coding","protein_coding",7.69149065377048,8.41691055664806,6.96607075089291,0.621760698564252,0.975668446153973,-0.272589140564483,NA,0.0821809658208588,0.0714175423792691,0.0929443892624484,0.0150503422653817,0.0853588061057784,0.338453622545417,NA,0.0108875,0.0088,0.012975,0.004175,1,0.000273774621954106,FALSE
"isoComp_00099555","geneComp_00028649","ENST00000681607.1","MX1","AD","CTRL","MX1","protein_coding","protein_coding",7.69149065377048,8.41691055664806,6.96607075089291,0.621760698564252,0.975668446153973,-0.272589140564483,NA,0.662442974647186,0.562610182870783,0.76227576642359,0.460366533484637,0.205393326974961,0.431562774760891,NA,0.0886625,0.0602,0.117125,0.056925,1,0.000273774621954106,FALSE
"isoComp_00099557","geneComp_00028649","ENST00000681849.1","MX1","AD","CTRL","MX1","protein_coding","protein_coding",7.69149065377048,8.41691055664806,6.96607075089291,0.621760698564252,0.975668446153973,-0.272589140564483,NA,0.398096972831131,0.437590524092481,0.358603421569782,0.101773719945539,0.0520934703888712,-0.280110030561479,NA,0.0517625,0.052025,0.0515,-0.000524999999999998,1,0.000273774621954106,FALSE
"isoComp_00099559","geneComp_00028649","ENST00000681896.1","MX1","AD","CTRL","MX1","protein_coding","protein_coding",7.69149065377048,8.41691055664806,6.96607075089291,0.621760698564252,0.975668446153973,-0.272589140564483,NA,0.917817270608896,1.13563920948551,0.699995331732281,0.721892108762294,0.366514504024932,-0.690271330833983,NA,0.1238375,0.14795,0.099725,-0.048225,1,0.000273774621954106,FALSE
"isoComp_00102743","geneComp_00029205","ENST00000676038.2","NGF","AD","CTRL","NGF","protein_coding","protein_coding",1.36439827776871,1.0856999755308,1.64309658000662,0.226697808732677,0.445627290331769,0.593318200917905,NA,0.083907068524997,0.034013545071431,0.133800591978563,0.034013545071431,0.0814472147531034,1.70805013146691,NA,0.0392625,0.022375,0.05615,0.033775,1,0.00457899407146335,FALSE
"isoComp_00102744","geneComp_00029205","ENST00000681124.1","NGF","AD","CTRL","NGF","protein_coding","protein_coding",1.36439827776871,1.0856999755308,1.64309658000662,0.226697808732677,0.445627290331769,0.593318200917905,NA,0.0260445136985032,0,0.0520890273970064,0,0.0520890273970064,2.63433833255814,NA,0.0339875,0,0.067975,0.067975,1,0.00457899407146335,FALSE
"isoComp_00118552","geneComp_00032453","ENST00000500276.6","RASSF8-AS1","AD","CTRL","RASSF8-AS1","lncRNA","lncRNA",6.35023754040164,6.27422144317722,6.42625363762605,0.872634709903176,0.896011139601757,0.0344871612361651,NA,1.35088067793456,0.991624220450554,1.71013713541858,0.377606115192217,0.351636725516955,0.780182232399334,NA,0.202525,0.1449,0.26015,0.11525,1,0.00457899407146335,TRUE
"isoComp_00118554","geneComp_00032453","ENST00000535436.7","RASSF8-AS1","AD","CTRL","RASSF8-AS1","lncRNA","lncRNA",6.35023754040164,6.27422144317722,6.42625363762605,0.872634709903176,0.896011139601757,0.0344871612361651,NA,0.107196087627318,0.110216187935014,0.104175987319622,0.0782078529460294,0.0378383882899958,-0.0743719126638541,NA,0.0163,0.017725,0.014875,-0.00285,1,0.00457899407146335,FALSE
"isoComp_00118558","geneComp_00032453","ENST00000546134.5","RASSF8-AS1","AD","CTRL","RASSF8-AS1","lncRNA","lncRNA",6.35023754040164,6.27422144317722,6.42625363762605,0.872634709903176,0.896011139601757,0.0344871612361651,NA,0.609074822005843,0.606292159605601,0.611857484406085,0.399719081260312,0.443780277016574,0.0129695479102152,NA,0.10085,0.1079,0.0938,-0.0141,1,0.00457899407146335,FALSE
"isoComp_00118559","geneComp_00032453","ENST00000656802.1","RASSF8-AS1","AD","CTRL","RASSF8-AS1","lncRNA","lncRNA",6.35023754040164,6.27422144317722,6.42625363762605,0.872634709903176,0.896011139601757,0.0344871612361651,NA,0.250984607687642,0.209879229594465,0.29208998578082,0.080174297538865,0.115249308914162,0.458267030192607,NA,0.036075,0.030675,0.041475,0.0108,1,0.00457899407146335,FALSE
"isoComp_00118564","geneComp_00032453","ENST00000663439.1","RASSF8-AS1","AD","CTRL","RASSF8-AS1","lncRNA","lncRNA",6.35023754040164,6.27422144317722,6.42625363762605,0.872634709903176,0.896011139601757,0.0344871612361651,NA,0.774089378801155,1.26409165997754,0.28408709762477,0.394257288846925,0.170897498894825,-2.11515367497752,NA,0.13465,0.2107,0.0586,-0.1521,1,0.00457899407146335,FALSE
"isoComp_00118566","geneComp_00032453","ENST00000670839.1","RASSF8-AS1","AD","CTRL","RASSF8-AS1","lncRNA","lncRNA",6.35023754040164,6.27422144317722,6.42625363762605,0.872634709903176,0.896011139601757,0.0344871612361651,NA,2.20809151546347,2.42353690232066,1.99264612860628,0.492757291483892,0.258378498759251,-0.281147135205574,NA,0.34795,0.3799,0.316,-0.0639,1,0.00457899407146335,FALSE
"isoComp_00118571","geneComp_00032453","ENST00000773034.1","RASSF8-AS1","AD","CTRL","RASSF8-AS1","lncRNA","lncRNA",6.35023754040164,6.27422144317722,6.42625363762605,0.872634709903176,0.896011139601757,0.0344871612361651,NA,0.122613318025212,0.180272391061113,0.0649542449893106,0.180272391061113,0.0319753973985637,-1.34398414682206,NA,0.0209125,0.032175,0.00965,-0.022525,1,0.00457899407146335,FALSE
"isoComp_00119249","geneComp_00032584","ENST00000367006.8","RCOR3","AD","CTRL","RCOR3","protein_coding","protein_coding",11.422420211883,11.5795665937007,11.2652738300653,0.515120702216512,0.54849109273714,-0.0396641449326508,NA,0.177725454514462,0.169215026041745,0.186235882987179,0.0365842123391368,0.0701687540019819,0.130897268417986,NA,0.0162125,0.01495,0.017475,0.002525,1,0.000671540255926368,FALSE
"isoComp_00119251","geneComp_00032584","ENST00000452621.6","RCOR3","AD","CTRL","RCOR3","protein_coding","protein_coding",11.422420211883,11.5795665937007,11.2652738300653,0.515120702216512,0.54849109273714,-0.0396641449326508,NA,1.35977379750168,1.33985650509623,1.37969108990714,0.15241121173195,0.22236230469718,0.041958174978429,NA,0.1199875,0.116375,0.1236,0.007225,1,0.000671540255926368,FALSE
"isoComp_00119253","geneComp_00032584","ENST00000486666.5","RCOR3","AD","CTRL","RCOR3","protein_coding","retained_intron",11.422420211883,11.5795665937007,11.2652738300653,0.515120702216512,0.54849109273714,-0.0396641449326508,NA,0.21662983878183,0.236102319127904,0.197157358435755,0.100350785073742,0.0216491712617917,-0.248531185802978,NA,0.0195375,0.021675,0.0174,-0.004275,1,0.000671540255926368,TRUE
"isoComp_00137102","geneComp_00036704","ENST00000442813.1","TCF7L1","AD","CTRL","TCF7L1","protein_coding","protein_coding",2.05766590866844,1.3989115841228,2.71642023321408,0.309198769241845,0.905395746909773,0.952426868654847,NA,0.039802075516013,0.0796041510320259,0,0.0796041510320259,0,-3.16356556860654,NA,0.028225,0.05645,0,-0.05645,1,0.00216691299980215,FALSE
"isoComp_00137103","geneComp_00036704","ENST00000490744.1","TCF7L1","AD","CTRL","TCF7L1","protein_coding","retained_intron",2.05766590866844,1.3989115841228,2.71642023321408,0.309198769241845,0.905395746909773,0.952426868654847,NA,0.297709407472397,0.132645985743996,0.462772829200798,0.0766974541267542,0.172496401326756,1.72870797650145,NA,0.133575,0.0978,0.16935,0.07155,1,0.00216691299980215,TRUE
"isoComp_00139242","geneComp_00037190","ENST00000444728.4","TMEM147-AS1","AD","CTRL","TMEM147-AS1","lncRNA","lncRNA",1.44886690113601,1.4370347287576,1.46069907351442,0.28780871136713,0.22362141058525,0.0234025334469462,NA,0.627706458467473,0.436829442650703,0.818583474284243,0.125319902179931,0.375377383311152,0.890922795168047,NA,0.44325,0.378025,0.508475,0.13045,1,0.0439329755236241,FALSE
"isoComp_00139243","geneComp_00037190","ENST00000588286.1","TMEM147-AS1","AD","CTRL","TMEM147-AS1","lncRNA","lncRNA",1.44886690113601,1.4370347287576,1.46069907351442,0.28780871136713,0.22362141058525,0.0234025334469462,NA,0.0760685049764892,0.049189609358657,0.102947400594321,0.0252040592114154,0.0469363941623324,0.932235228107449,NA,0.051,0.028575,0.073425,0.04485,1,0.0439329755236241,FALSE
"isoComp_00139245","geneComp_00037190","ENST00000590717.2","TMEM147-AS1","AD","CTRL","TMEM147-AS1","lncRNA","lncRNA",1.44886690113601,1.4370347287576,1.46069907351442,0.28780871136713,0.22362141058525,0.0234025334469462,NA,0.0560184758005855,0.0380714841700644,0.0739654674311067,0.0154993390972687,0.0462749588929182,0.804614764852587,NA,0.0339375,0.0254,0.042475,0.017075,1,0.0439329755236241,TRUE
"isoComp_00139249","geneComp_00037190","ENST00000750095.1","TMEM147-AS1","AD","CTRL","TMEM147-AS1","lncRNA","lncRNA",1.44886690113601,1.4370347287576,1.46069907351442,0.28780871136713,0.22362141058525,0.0234025334469462,NA,0.437224397524292,0.409246063843837,0.465202731204746,0.259998901727641,0.289048897454745,0.180745889093692,NA,0.2985125,0.2214,0.375625,0.154225,1,0.0439329755236241,TRUE
"isoComp_00139250","geneComp_00037190","ENST00000750096.1","TMEM147-AS1","AD","CTRL","TMEM147-AS1","lncRNA","lncRNA",1.44886690113601,1.4370347287576,1.46069907351442,0.28780871136713,0.22362141058525,0.0234025334469462,NA,0.0224924200998341,0.0449848401996682,0,0.0260066687651273,0,-2.45903390984655,NA,0.0131,0.0262,0,-0.0262,1,0.0439329755236241,FALSE
"isoComp_00152342","geneComp_00039935","ENST00000422689.3","ZNF880","AD","CTRL","ZNF880","protein_coding","protein_coding",5.58928993622234,6.17842332603966,5.00015654640502,1.57755028233609,1.16180430003559,-0.30471620703376,NA,1.4965556337525,1.72846078984211,1.26465047766288,0.513387481736332,0.304333592482582,-0.447708828710831,NA,0.2729875,0.279875,0.2661,-0.013775,1,0.0111374024319191,FALSE
"isoComp_00152345","geneComp_00039935","ENST00000600321.5","ZNF880","AD","CTRL","ZNF880","protein_coding","protein_coding",5.58928993622234,6.17842332603966,5.00015654640502,1.57755028233609,1.16180430003559,-0.30471620703376,NA,0.314445662052459,0.425605912848726,0.203285411256192,0.0629388776933567,0.156209314407926,-1.03023824854606,NA,0.0578,0.076725,0.038875,-0.03785,1,0.0111374024319191,FALSE
